id,title,author_id,isbn,description,cover_image_url,page_count,published_date,is_main_work
1,Pride and Prejudice,1,1853260002,Elizabeth Bennet's early determination to dislike Mr. Darcy is a prejudice only matched by his arrogant pride.,http://books.google.com/books/content?id=5GbdTc9OJ78C&printsec=frontcover&img=1&zoom=1&edge=curl&source=gbs_api,292,1992,True
2,1984,2,9780547249643,"A PBS Great American Read Top 100 Pick With extraordinary relevance and renewed popularity, George Orwell’s 1984 takes on new life in this edition. “Orwell saw, to his credit, that the act of falsifying reality is only secondarily a way of changing perceptions. It is, above all, a way of asserting power.”—The New Yorker In 1984, London is a grim city in the totalitarian state of Oceania where Big Brother is always watching you and the Thought Police can practically read your mind. Winston Smith is a man in grave danger for the simple reason that his memory still functions. Drawn into a forbidden love affair, Winston finds the courage to join a secret revolutionary organization called The Brotherhood, dedicated to the destruction of the Party. Together with his beloved Julia, he hazards his life in a deadly match against the powers that be. Lionel Trilling said of Orwell’s masterpiece, “1984 is a profound, terrifying, and wholly fascinating book. It is a fantasy of the political future, and like any such fantasy, serves its author as a magnifying device for an examination of the present.” Though the year 1984 now exists in the past, Orwell’s novel remains an urgent call for the individual willing to speak truth to power.",http://books.google.com/books/content?id=kotPYEqx7kMC&printsec=frontcover&img=1&zoom=1&edge=curl&source=gbs_api,309,2013-09-03,True
19,Kritik der reinen Vernunft,21,UOM:39015059820129,"Das Buch ""Kritik der reinen Vernunft"" ist das erkenntnistheoretische Hauptwerk des Philosophen Immanuel Kant, in dem er den Grundriss für seine Transzendentalphilosophie liefert. Die KrV wird als eines der einflussreichsten Werke in der Philosophiegeschichte betrachtet und kennzeichnet einen Wendepunkt und den Beginn der modernen Philosophie. Das Buch ""Kritik der praktischen Vernunft"" ist der Titel des zweiten Hauptwerks Immanuel Kants; es wird auch als ""zweite Kritik"" (nach der Kritik der reinen Vernunft und vor derKritik der Urteilskraft) bezeichnet und erschien erstmals 1788 in Riga. Das Anliegen der KpV ist die Beantwortung der zweiten großen Frage der Vernunft: Was soll ich tun? - Die Praktische Philosophie Kants hat im Unterschied zur Frage nach dem, was wir wissen können, die Frage nach dem guten Handeln zum Gegenstand. Das Buch ""Kritik der Urteilskraft"" ist Immanuel Kants drittes Hauptwerk nach der Kritik der reinen Vernunft und der Kritik der praktischen Vernunft, erschienen 1790. Sie enthält in einem ersten Teil Kants Ästhetik (Lehre vom ästhetischen Urteil) und im zweiten Teil dieTeleologie (Lehre von der Auslegung der Natur mittels Zweckkategorien). Mit der dritten Kritik soll nicht nur zwischen Natur und Freiheit vermittelt werden, sondern sie versucht auch Phänomene wie das Schöne in Natur und Kunst, das Genie, das Organische und die systematische Einheit der Natur mit Hilfe eines Konzepts der Urteilskraft zu klären. Inhalt: Kritik der reinen Vernunft Kritik der praktischen Vernunft Kritik der Urteilskraft Immanuel Kant (1724-1804) war ein deutscher Philosoph der Aufklärung. Kant zählt zu den bedeutendsten Vertretern der abendländischen Philosophie.",http://books.google.com/books/content?id=PiRNAAAAMAAJ&printsec=frontcover&img=1&zoom=1&edge=curl&source=gbs_api,644,1868,True
1,Pride and Prejudice,1,1853260002,Elizabeth Bennet's early determination to dislike Mr. Darcy is a prejudice only matched by his arrogant pride.,http://books.google.com/books/content?id=5GbdTc9OJ78C&printsec=frontcover&img=1&zoom=1&edge=curl&source=gbs_api,292,1992,True
2,1984,2,9780547249643,"A PBS Great American Read Top 100 Pick With extraordinary relevance and renewed popularity, George Orwell’s 1984 takes on new life in this edition. “Orwell saw, to his credit, that the act of falsifying reality is only secondarily a way of changing perceptions. It is, above all, a way of asserting power.”—The New Yorker In 1984, London is a grim city in the totalitarian state of Oceania where Big Brother is always watching you and the Thought Police can practically read your mind. Winston Smith is a man in grave danger for the simple reason that his memory still functions. Drawn into a forbidden love affair, Winston finds the courage to join a secret revolutionary organization called The Brotherhood, dedicated to the destruction of the Party. Together with his beloved Julia, he hazards his life in a deadly match against the powers that be. Lionel Trilling said of Orwell’s masterpiece, “1984 is a profound, terrifying, and wholly fascinating book. It is a fantasy of the political future, and like any such fantasy, serves its author as a magnifying device for an examination of the present.” Though the year 1984 now exists in the past, Orwell’s novel remains an urgent call for the individual willing to speak truth to power.",http://books.google.com/books/content?id=kotPYEqx7kMC&printsec=frontcover&img=1&zoom=1&edge=curl&source=gbs_api,309,2013-09-03,True
19,Kritik der reinen Vernunft,21,UOM:39015059820129,"Das Buch ""Kritik der reinen Vernunft"" ist das erkenntnistheoretische Hauptwerk des Philosophen Immanuel Kant, in dem er den Grundriss für seine Transzendentalphilosophie liefert. Die KrV wird als eines der einflussreichsten Werke in der Philosophiegeschichte betrachtet und kennzeichnet einen Wendepunkt und den Beginn der modernen Philosophie. Das Buch ""Kritik der praktischen Vernunft"" ist der Titel des zweiten Hauptwerks Immanuel Kants; es wird auch als ""zweite Kritik"" (nach der Kritik der reinen Vernunft und vor derKritik der Urteilskraft) bezeichnet und erschien erstmals 1788 in Riga. Das Anliegen der KpV ist die Beantwortung der zweiten großen Frage der Vernunft: Was soll ich tun? - Die Praktische Philosophie Kants hat im Unterschied zur Frage nach dem, was wir wissen können, die Frage nach dem guten Handeln zum Gegenstand. Das Buch ""Kritik der Urteilskraft"" ist Immanuel Kants drittes Hauptwerk nach der Kritik der reinen Vernunft und der Kritik der praktischen Vernunft, erschienen 1790. Sie enthält in einem ersten Teil Kants Ästhetik (Lehre vom ästhetischen Urteil) und im zweiten Teil dieTeleologie (Lehre von der Auslegung der Natur mittels Zweckkategorien). Mit der dritten Kritik soll nicht nur zwischen Natur und Freiheit vermittelt werden, sondern sie versucht auch Phänomene wie das Schöne in Natur und Kunst, das Genie, das Organische und die systematische Einheit der Natur mit Hilfe eines Konzepts der Urteilskraft zu klären. Inhalt: Kritik der reinen Vernunft Kritik der praktischen Vernunft Kritik der Urteilskraft Immanuel Kant (1724-1804) war ein deutscher Philosoph der Aufklärung. Kant zählt zu den bedeutendsten Vertretern der abendländischen Philosophie.",http://books.google.com/books/content?id=PiRNAAAAMAAJ&printsec=frontcover&img=1&zoom=1&edge=curl&source=gbs_api,644,1868,True
1,Pride and Prejudice,1,1853260002,Elizabeth Bennet's early determination to dislike Mr. Darcy is a prejudice only matched by his arrogant pride.,http://books.google.com/books/content?id=5GbdTc9OJ78C&printsec=frontcover&img=1&zoom=1&edge=curl&source=gbs_api,292,1992,True
2,1984,2,9780547249643,"A PBS Great American Read Top 100 Pick With extraordinary relevance and renewed popularity, George Orwell’s 1984 takes on new life in this edition. “Orwell saw, to his credit, that the act of falsifying reality is only secondarily a way of changing perceptions. It is, above all, a way of asserting power.”—The New Yorker In 1984, London is a grim city in the totalitarian state of Oceania where Big Brother is always watching you and the Thought Police can practically read your mind. Winston Smith is a man in grave danger for the simple reason that his memory still functions. Drawn into a forbidden love affair, Winston finds the courage to join a secret revolutionary organization called The Brotherhood, dedicated to the destruction of the Party. Together with his beloved Julia, he hazards his life in a deadly match against the powers that be. Lionel Trilling said of Orwell’s masterpiece, “1984 is a profound, terrifying, and wholly fascinating book. It is a fantasy of the political future, and like any such fantasy, serves its author as a magnifying device for an examination of the present.” Though the year 1984 now exists in the past, Orwell’s novel remains an urgent call for the individual willing to speak truth to power.",http://books.google.com/books/content?id=kotPYEqx7kMC&printsec=frontcover&img=1&zoom=1&edge=curl&source=gbs_api,309,2013-09-03,True
19,Kritik der reinen Vernunft,21,UOM:39015059820129,"Das Buch ""Kritik der reinen Vernunft"" ist das erkenntnistheoretische Hauptwerk des Philosophen Immanuel Kant, in dem er den Grundriss für seine Transzendentalphilosophie liefert. Die KrV wird als eines der einflussreichsten Werke in der Philosophiegeschichte betrachtet und kennzeichnet einen Wendepunkt und den Beginn der modernen Philosophie. Das Buch ""Kritik der praktischen Vernunft"" ist der Titel des zweiten Hauptwerks Immanuel Kants; es wird auch als ""zweite Kritik"" (nach der Kritik der reinen Vernunft und vor derKritik der Urteilskraft) bezeichnet und erschien erstmals 1788 in Riga. Das Anliegen der KpV ist die Beantwortung der zweiten großen Frage der Vernunft: Was soll ich tun? - Die Praktische Philosophie Kants hat im Unterschied zur Frage nach dem, was wir wissen können, die Frage nach dem guten Handeln zum Gegenstand. Das Buch ""Kritik der Urteilskraft"" ist Immanuel Kants drittes Hauptwerk nach der Kritik der reinen Vernunft und der Kritik der praktischen Vernunft, erschienen 1790. Sie enthält in einem ersten Teil Kants Ästhetik (Lehre vom ästhetischen Urteil) und im zweiten Teil dieTeleologie (Lehre von der Auslegung der Natur mittels Zweckkategorien). Mit der dritten Kritik soll nicht nur zwischen Natur und Freiheit vermittelt werden, sondern sie versucht auch Phänomene wie das Schöne in Natur und Kunst, das Genie, das Organische und die systematische Einheit der Natur mit Hilfe eines Konzepts der Urteilskraft zu klären. Inhalt: Kritik der reinen Vernunft Kritik der praktischen Vernunft Kritik der Urteilskraft Immanuel Kant (1724-1804) war ein deutscher Philosoph der Aufklärung. Kant zählt zu den bedeutendsten Vertretern der abendländischen Philosophie.",http://books.google.com/books/content?id=PiRNAAAAMAAJ&printsec=frontcover&img=1&zoom=1&edge=curl&source=gbs_api,644,1868,True
1,Pride and Prejudice,1,1853260002,Elizabeth Bennet's early determination to dislike Mr. Darcy is a prejudice only matched by his arrogant pride.,http://books.google.com/books/content?id=5GbdTc9OJ78C&printsec=frontcover&img=1&zoom=1&edge=curl&source=gbs_api,292,1992,True
2,1984,2,9780547249643,"A PBS Great American Read Top 100 Pick With extraordinary relevance and renewed popularity, George Orwell’s 1984 takes on new life in this edition. “Orwell saw, to his credit, that the act of falsifying reality is only secondarily a way of changing perceptions. It is, above all, a way of asserting power.”—The New Yorker In 1984, London is a grim city in the totalitarian state of Oceania where Big Brother is always watching you and the Thought Police can practically read your mind. Winston Smith is a man in grave danger for the simple reason that his memory still functions. Drawn into a forbidden love affair, Winston finds the courage to join a secret revolutionary organization called The Brotherhood, dedicated to the destruction of the Party. Together with his beloved Julia, he hazards his life in a deadly match against the powers that be. Lionel Trilling said of Orwell’s masterpiece, “1984 is a profound, terrifying, and wholly fascinating book. It is a fantasy of the political future, and like any such fantasy, serves its author as a magnifying device for an examination of the present.” Though the year 1984 now exists in the past, Orwell’s novel remains an urgent call for the individual willing to speak truth to power.",http://books.google.com/books/content?id=kotPYEqx7kMC&printsec=frontcover&img=1&zoom=1&edge=curl&source=gbs_api,309,2013-09-03,True
19,Kritik der reinen Vernunft,21,UOM:39015059820129,"Das Buch ""Kritik der reinen Vernunft"" ist das erkenntnistheoretische Hauptwerk des Philosophen Immanuel Kant, in dem er den Grundriss für seine Transzendentalphilosophie liefert. Die KrV wird als eines der einflussreichsten Werke in der Philosophiegeschichte betrachtet und kennzeichnet einen Wendepunkt und den Beginn der modernen Philosophie. Das Buch ""Kritik der praktischen Vernunft"" ist der Titel des zweiten Hauptwerks Immanuel Kants; es wird auch als ""zweite Kritik"" (nach der Kritik der reinen Vernunft und vor derKritik der Urteilskraft) bezeichnet und erschien erstmals 1788 in Riga. Das Anliegen der KpV ist die Beantwortung der zweiten großen Frage der Vernunft: Was soll ich tun? - Die Praktische Philosophie Kants hat im Unterschied zur Frage nach dem, was wir wissen können, die Frage nach dem guten Handeln zum Gegenstand. Das Buch ""Kritik der Urteilskraft"" ist Immanuel Kants drittes Hauptwerk nach der Kritik der reinen Vernunft und der Kritik der praktischen Vernunft, erschienen 1790. Sie enthält in einem ersten Teil Kants Ästhetik (Lehre vom ästhetischen Urteil) und im zweiten Teil dieTeleologie (Lehre von der Auslegung der Natur mittels Zweckkategorien). Mit der dritten Kritik soll nicht nur zwischen Natur und Freiheit vermittelt werden, sondern sie versucht auch Phänomene wie das Schöne in Natur und Kunst, das Genie, das Organische und die systematische Einheit der Natur mit Hilfe eines Konzepts der Urteilskraft zu klären. Inhalt: Kritik der reinen Vernunft Kritik der praktischen Vernunft Kritik der Urteilskraft Immanuel Kant (1724-1804) war ein deutscher Philosoph der Aufklärung. Kant zählt zu den bedeutendsten Vertretern der abendländischen Philosophie.",http://books.google.com/books/content?id=PiRNAAAAMAAJ&printsec=frontcover&img=1&zoom=1&edge=curl&source=gbs_api,644,1868,True
