id,username,email,password_hash,is_admin
1,test,test@test.de,pbkdf2:sha256:600000$qZ7xAzpnif8pDBFf$fac9b39a6d47a7b1d1d57305494eda7ec96150b79cd9ddd402e380955828da34,True
3,asd,test1@tes1t.de,pbkdf2:sha256:600000$JR7FxW6eir0E3AzB$f76aba94fab3a84857edb4c293f6421cbc0ff1c536aef8331a54ab5b41be9eea,False
1,test,test@test.de,pbkdf2:sha256:600000$qZ7xAzpnif8pDBFf$fac9b39a6d47a7b1d1d57305494eda7ec96150b79cd9ddd402e380955828da34,True
3,asd,test1@tes1t.de,pbkdf2:sha256:600000$JR7FxW6eir0E3AzB$f76aba94fab3a84857edb4c293f6421cbc0ff1c536aef8331a54ab5b41be9eea,False
1,test,test@test.de,pbkdf2:sha256:600000$qZ7xAzpnif8pDBFf$fac9b39a6d47a7b1d1d57305494eda7ec96150b79cd9ddd402e380955828da34,True
3,asd,test1@tes1t.de,pbkdf2:sha256:600000$JR7FxW6eir0E3AzB$f76aba94fab3a84857edb4c293f6421cbc0ff1c536aef8331a54ab5b41be9eea,False
1,test,test@test.de,pbkdf2:sha256:600000$qZ7xAzpnif8pDBFf$fac9b39a6d47a7b1d1d57305494eda7ec96150b79cd9ddd402e380955828da34,True
3,asd,test1@tes1t.de,pbkdf2:sha256:600000$JR7FxW6eir0E3AzB$f76aba94fab3a84857edb4c293f6421cbc0ff1c536aef8331a54ab5b41be9eea,False
