id,name
1,Jane Austen
2,George Orwell
21,Immanuel Kant
107,Sample Author 1
108,Sample Author 2
109,Sample Author 3
110,Sample Author 4
111,Sample Author 5
112,Sample Author 6
113,Sample Author 7
114,Sample Author 8
115,Sample Author 9
116,Sample Author 10
117,Sample Author 11
118,Sample Author 12
119,Sample Author 13
120,Sample Author 14
121,Sample Author 15
122,Sample Author 16
123,Sample Author 17
124,Sample Author 18
125,Sample Author 19
126,Sample Author 20
1,Jane Austen
2,George Orwell
21,Immanuel Kant
107,Sample Author 1
108,Sample Author 2
109,Sample Author 3
110,Sample Author 4
111,Sample Author 5
112,Sample Author 6
113,Sample Author 7
114,Sample Author 8
115,Sample Author 9
116,Sample Author 10
117,Sample Author 11
118,Sample Author 12
119,Sample Author 13
120,Sample Author 14
121,Sample Author 15
122,Sample Author 16
123,Sample Author 17
124,Sample Author 18
125,Sample Author 19
126,Sample Author 20
1,Jane Austen
2,George Orwell
21,Immanuel Kant
107,Sample Author 1
108,Sample Author 2
109,Sample Author 3
110,Sample Author 4
111,Sample Author 5
112,Sample Author 6
113,Sample Author 7
114,Sample Author 8
115,Sample Author 9
116,Sample Author 10
117,Sample Author 11
118,Sample Author 12
119,Sample Author 13
120,Sample Author 14
121,Sample Author 15
122,Sample Author 16
123,Sample Author 17
124,Sample Author 18
125,Sample Author 19
126,Sample Author 20
