id,name
1,Jane Austen
2,George Orwell
21,Immanuel Kant
107,Sample Author 1
108,Sample Author 2
109,Sample Author 3
110,Sample Author 4
111,Sample Author 5
112,Sample Author 6
113,Sample Author 7
114,Sample Author 8
115,Sample Author 9
116,Sample Author 10
117,Sample Author 11
118,Sample Author 12
119,Sample Author 13
120,Sample Author 14
121,Sample Author 15
122,Sample Author 16
123,Sample Author 17
124,Sample Author 18
125,Sample Author 19
126,Sample Author 20
127,Sample Author 1
128,Sample Author 2
129,Sample Author 3
130,Sample Author 4
131,Sample Author 5
132,Sample Author 6
133,Sample Author 7
134,Sample Author 8
135,Sample Author 9
136,Sample Author 10
137,Sample Author 11
138,Sample Author 12
139,Sample Author 13
140,Sample Author 14
141,Sample Author 15
142,Sample Author 16
143,Sample Author 17
144,Sample Author 18
145,Sample Author 19
146,Sample Author 20
147,Sample Author 1
148,Sample Author 2
149,Sample Author 3
150,Sample Author 4
151,Sample Author 5
152,Sample Author 6
153,Sample Author 7
154,Sample Author 8
155,Sample Author 9
156,Sample Author 10
157,Sample Author 11
158,Sample Author 12
159,Sample Author 13
160,Sample Author 14
161,Sample Author 15
162,Sample Author 16
163,Sample Author 17
164,Sample Author 18
165,Sample Author 19
166,Sample Author 20
